desc,id
"COLOURING PENCILS BROWN TUBE",10133
"COLUMBIAN CANDLE RECTANGLE",72131
"COLUMBIAN CANDLE ROUND",72128
"EAU DE NILE JEWELLED PHOTOFRAME",85023B
"FRENCH FLORAL CUSHION COVER ",20840
"FRENCH LATTICE CUSHION COVER ",20838
"FROSTED WHITE BASE ",79403
"METAL SIGN,CUPCAKE SINGLE HOOK",82613B
"METAL SIGN,CUPCAKE SINGLE HOOK",82613A
"PINK FAIRY CAKE CUSHION COVER",47586A
"PINK FLOCK GLASS CANDLEHOLDER",79329
"PINK FLOWERS RABBIT EASTER",35910B
"RETRO PLASTIC 70'S TRAY",79190A
"RETRO PLASTIC DAISY TRAY",79190D
"RETRO PLASTIC POLKA TRAY",79190B
"ROUND BLUE CLOCK WITH SUCKER",81952B
"SQUARE CHERRY BLOSSOM CABINET",84665
"WHITE BAMBOO RIBS LAMPSHADE",40001
